-- MySQL dump 10.13  Distrib 8.0.41, for Linux (x86_64)
--
-- Host: 172.4.0.2    Database: IVP
-- ------------------------------------------------------
-- Server version	5.7.44

/*!40101 SET @OLD_CHARACTER_SET_CLIENT=@@CHARACTER_SET_CLIENT */;
/*!40101 SET @OLD_CHARACTER_SET_RESULTS=@@CHARACTER_SET_RESULTS */;
/*!40101 SET @OLD_COLLATION_CONNECTION=@@COLLATION_CONNECTION */;
/*!50503 SET NAMES utf8mb4 */;
/*!40103 SET @OLD_TIME_ZONE=@@TIME_ZONE */;
/*!40103 SET TIME_ZONE='+00:00' */;
/*!40014 SET @OLD_UNIQUE_CHECKS=@@UNIQUE_CHECKS, UNIQUE_CHECKS=0 */;
/*!40014 SET @OLD_FOREIGN_KEY_CHECKS=@@FOREIGN_KEY_CHECKS, FOREIGN_KEY_CHECKS=0 */;
/*!40101 SET @OLD_SQL_MODE=@@SQL_MODE, SQL_MODE='NO_AUTO_VALUE_ON_ZERO' */;
/*!40111 SET @OLD_SQL_NOTES=@@SQL_NOTES, SQL_NOTES=0 */;

--
-- Current Database: `IVP`
--

CREATE DATABASE /*!32312 IF NOT EXISTS*/ `IVP` /*!40100 DEFAULT CHARACTER SET latin1 */;

USE `IVP`;

--
-- Table structure for table `eventLog`
--

DROP TABLE IF EXISTS `eventLog`;
/*!40101 SET @saved_cs_client     = @@character_set_client */;
/*!50503 SET character_set_client = utf8mb4 */;
CREATE TABLE `eventLog` (
  `id` int(10) unsigned NOT NULL AUTO_INCREMENT COMMENT 'Primary key',
  `description` text NOT NULL COMMENT 'The log message content',
  `source` text NOT NULL COMMENT 'The name of the plugin or other agent that logged the event',
  `timestamp` timestamp NOT NULL DEFAULT CURRENT_TIMESTAMP ON UPDATE CURRENT_TIMESTAMP COMMENT 'The date and time of the event in UTC',
  `logLevel` enum('Debug','Info','Warning','Error','Fatal') NOT NULL COMMENT 'The type of event being logged, one of   	- Debug 	- Info 	- Warn 	- Error',
  `uploaded` tinyint(1) NOT NULL DEFAULT '0',
  PRIMARY KEY (`id`)
) ENGINE=InnoDB AUTO_INCREMENT=37 DEFAULT CHARSET=latin1 COMMENT='This table records events generated by every IVP core component and plugin in the IVP platform.  ';
/*!40101 SET character_set_client = @saved_cs_client */;

--
-- Dumping data for table `eventLog`
--

LOCK TABLES `eventLog` WRITE;
/*!40000 ALTER TABLE `eventLog` DISABLE KEYS */;
INSERT INTO `eventLog` VALUES (1,'------------------------','--------','2025-03-06 18:11:52','Debug',0),(2,'IVP Core Starting','Ivp Core','2025-03-06 18:11:52','Info',0),(3,'Plugin registered','ivpcore.PluginMonitor','2025-03-06 18:11:53','Info',0),(4,'Plugin registered','ivpcore.MessageProfiler','2025-03-06 18:11:53','Info',0),(5,'Plugin registered','ivpcore.HistoryManager','2025-03-06 18:11:53','Info',0),(6,'Plugin registered','CARMAStreetsPlugin','2025-03-06 18:12:09','Info',0),(7,'Plugin registered','CDASimAdapter','2025-03-06 18:12:10','Info',0),(8,'Plugin registered','CommandPlugin','2025-03-06 18:12:11','Info',0),(9,'Plugin registered','ImmediateForward','2025-03-06 18:12:12','Info',0),(10,'Plugin registered','MAP','2025-03-06 18:12:13','Info',0),(11,'Plugin registered','MessageReceiver','2025-03-06 18:12:14','Info',0),(12,'Plugin \'CARMAStreetsPlugin\' (id: 2) startup time: 866 milliseconds','ivpcore.PluginMonitor','2025-03-06 18:12:15','Info',0),(13,'Plugin \'CDASimAdapter\' (id: 3) startup time: 1574 milliseconds','ivpcore.PluginMonitor','2025-03-06 18:12:15','Info',0),(14,'Plugin \'CommandPlugin\' (id: 4) startup time: 2374 milliseconds','ivpcore.PluginMonitor','2025-03-06 18:12:15','Info',0),(15,'Plugin \'ImmediateForward\' (id: 8) startup time: 3128 milliseconds','ivpcore.PluginMonitor','2025-03-06 18:12:15','Info',0),(16,'Plugin \'MAP\' (id: 10) startup time: 3863 milliseconds','ivpcore.PluginMonitor','2025-03-06 18:12:15','Info',0),(17,'Plugin \'MessageReceiver\' (id: 12) startup time: 4757 milliseconds','ivpcore.PluginMonitor','2025-03-06 18:12:15','Info',0),(18,'Plugin registered','SPAT','2025-03-06 18:14:26','Info',0),(19,'Plugin \'SPAT\' (id: 18) startup time: 274 milliseconds','ivpcore.PluginMonitor','2025-03-06 18:14:31','Info',0),(20,'Plugin deconstructing','SPAT','2025-03-06 18:15:16','Warning',0),(21,'Plugin registered','SPAT','2025-03-06 18:15:27','Info',0),(22,'Plugin \'SPAT\' (id: 18) startup time: 624 milliseconds','ivpcore.PluginMonitor','2025-03-06 18:15:32','Info',0),(23,'SPAT encountered unhandled exception: could not bind UDP socket with: \"172.4.0.2:6053\"\nbacktrace: (Hint: Use addr2line -C -e <exe> 0x#######) to find line number)\nSpatPlugin(+0x41bc9) [0x5fbfd8214bc9]\nSpatPlugin(+0x10a080) [0x5fbfd82dd080]\nSpatPlugin(+0x23755) [0x5fbfd81f6755]\nSpatPlugin(+0x36339) [0x5fbfd8209339]\nSpatPlugin(+0xda316) [0x5fbfd82ad316]\nSpatPlugin(+0xe77c5) [0x5fbfd82ba7c5]\n/usr/local/lib/libtmxapi.so(ivp_onMessageReceived+0x129) [0x74edcd168409]\n/usr/local/lib/libtmxapi.so(+0x7624) [0x74edcd168624]\n/usr/local/lib/libtmxapi.so(ivp_receive+0x12) [0x74edcd168712]\n/lib/x86_64-linux-gnu/libc.so.6(+0x94ac3) [0x74edcc9a7ac3]\n/lib/x86_64-linux-gnu/libc.so.6(clone+0x44) [0x74edcca38a04]\ndiagnostic info:\nThrow location unknown (consider using BOOST_THROW_EXCEPTION)\nDynamic exception type: tmx::utils::UdpServerRuntimeError\nstd::exception::what: could not bind UDP socket with: \"172.4.0.2:6053\"\n\n','SPAT','2025-03-06 18:16:06','Warning',0),(24,'SPAT encountered unhandled exception: could not bind UDP socket with: \"172.4.0.2:6053\"\nbacktrace: (Hint: Use addr2line -C -e <exe> 0x#######) to find line number)\nSpatPlugin(+0x41bc9) [0x5fbfd8214bc9]\nSpatPlugin(+0x10a080) [0x5fbfd82dd080]\nSpatPlugin(+0x23755) [0x5fbfd81f6755]\nSpatPlugin(+0x36339) [0x5fbfd8209339]\nSpatPlugin(+0xda316) [0x5fbfd82ad316]\nSpatPlugin(+0xe77c5) [0x5fbfd82ba7c5]\n/usr/local/lib/libtmxapi.so(ivp_onMessageReceived+0x129) [0x74edcd168409]\n/usr/local/lib/libtmxapi.so(+0x7624) [0x74edcd168624]\n/usr/local/lib/libtmxapi.so(ivp_receive+0x12) [0x74edcd168712]\n/lib/x86_64-linux-gnu/libc.so.6(+0x94ac3) [0x74edcc9a7ac3]\n/lib/x86_64-linux-gnu/libc.so.6(clone+0x44) [0x74edcca38a04]\ndiagnostic info:\nThrow location unknown (consider using BOOST_THROW_EXCEPTION)\nDynamic exception type: tmx::utils::UdpServerRuntimeError\nstd::exception::what: could not bind UDP socket with: \"172.4.0.2:6053\"\n\n','SPAT','2025-03-06 18:16:34','Warning',0),(25,'Plugin deconstructing','SPAT','2025-03-06 18:16:37','Warning',0),(26,'Plugin registered','SPAT','2025-03-06 18:16:43','Info',0),(27,'Plugin \'SPAT\' (id: 18) startup time: 762 milliseconds','ivpcore.PluginMonitor','2025-03-06 18:16:48','Info',0),(28,'SPAT encountered unhandled exception: could not bind UDP socket with: \"172.4.0.2:6053\"\nbacktrace: (Hint: Use addr2line -C -e <exe> 0x#######) to find line number)\nSpatPlugin(+0x41bc9) [0x63c69c852bc9]\nSpatPlugin(+0x10a080) [0x63c69c91b080]\nSpatPlugin(+0x23755) [0x63c69c834755]\nSpatPlugin(+0x36339) [0x63c69c847339]\nSpatPlugin(+0xda316) [0x63c69c8eb316]\nSpatPlugin(+0xe77c5) [0x63c69c8f87c5]\n/usr/local/lib/libtmxapi.so(ivp_onMessageReceived+0x129) [0x75cf6d2d5409]\n/usr/local/lib/libtmxapi.so(+0x7624) [0x75cf6d2d5624]\n/usr/local/lib/libtmxapi.so(ivp_receive+0x12) [0x75cf6d2d5712]\n/lib/x86_64-linux-gnu/libc.so.6(+0x94ac3) [0x75cf6cb14ac3]\n/lib/x86_64-linux-gnu/libc.so.6(clone+0x44) [0x75cf6cba5a04]\ndiagnostic info:\nThrow location unknown (consider using BOOST_THROW_EXCEPTION)\nDynamic exception type: tmx::utils::UdpServerRuntimeError\nstd::exception::what: could not bind UDP socket with: \"172.4.0.2:6053\"\n\n','SPAT','2025-03-06 18:17:28','Warning',0),(29,'SPAT encountered unhandled exception: could not bind UDP socket with: \"172.4.0.2:6053\"\nbacktrace: (Hint: Use addr2line -C -e <exe> 0x#######) to find line number)\nSpatPlugin(+0x41bc9) [0x63c69c852bc9]\nSpatPlugin(+0x10a080) [0x63c69c91b080]\nSpatPlugin(+0x23755) [0x63c69c834755]\nSpatPlugin(+0x36339) [0x63c69c847339]\nSpatPlugin(+0xda316) [0x63c69c8eb316]\nSpatPlugin(+0xe77c5) [0x63c69c8f87c5]\n/usr/local/lib/libtmxapi.so(ivp_onMessageReceived+0x129) [0x75cf6d2d5409]\n/usr/local/lib/libtmxapi.so(+0x7624) [0x75cf6d2d5624]\n/usr/local/lib/libtmxapi.so(ivp_receive+0x12) [0x75cf6d2d5712]\n/lib/x86_64-linux-gnu/libc.so.6(+0x94ac3) [0x75cf6cb14ac3]\n/lib/x86_64-linux-gnu/libc.so.6(clone+0x44) [0x75cf6cba5a04]\ndiagnostic info:\nThrow location unknown (consider using BOOST_THROW_EXCEPTION)\nDynamic exception type: tmx::utils::UdpServerRuntimeError\nstd::exception::what: could not bind UDP socket with: \"172.4.0.2:6053\"\n\n','SPAT','2025-03-06 18:17:42','Warning',0),(30,'Plugin deconstructing','SPAT','2025-03-06 18:17:48','Warning',0),(31,'Plugin registered','SPAT','2025-03-06 18:17:54','Info',0),(32,'Plugin \'SPAT\' (id: 18) startup time: 981 milliseconds','ivpcore.PluginMonitor','2025-03-06 18:17:58','Info',0),(33,'SPAT encountered unhandled exception: could not bind UDP socket with: \"172.4.0.2:6053\"\nbacktrace: (Hint: Use addr2line -C -e <exe> 0x#######) to find line number)\nSpatPlugin(+0x41bc9) [0x572c03b49bc9]\nSpatPlugin(+0x10a080) [0x572c03c12080]\nSpatPlugin(+0x23755) [0x572c03b2b755]\nSpatPlugin(+0x36339) [0x572c03b3e339]\nSpatPlugin(+0xda316) [0x572c03be2316]\nSpatPlugin(+0xe77c5) [0x572c03bef7c5]\n/usr/local/lib/libtmxapi.so(ivp_onMessageReceived+0x129) [0x7fee0a40f409]\n/usr/local/lib/libtmxapi.so(+0x7624) [0x7fee0a40f624]\n/usr/local/lib/libtmxapi.so(ivp_receive+0x12) [0x7fee0a40f712]\n/lib/x86_64-linux-gnu/libc.so.6(+0x94ac3) [0x7fee09c4eac3]\n/lib/x86_64-linux-gnu/libc.so.6(clone+0x44) [0x7fee09cdfa04]\ndiagnostic info:\nThrow location unknown (consider using BOOST_THROW_EXCEPTION)\nDynamic exception type: tmx::utils::UdpServerRuntimeError\nstd::exception::what: could not bind UDP socket with: \"172.4.0.2:6053\"\n\n','SPAT','2025-03-06 18:20:09','Warning',0),(34,'Plugin deconstructing','SPAT','2025-03-06 18:20:55','Warning',0),(35,'Plugin registered','SPAT','2025-03-06 18:21:11','Info',0),(36,'Plugin \'SPAT\' (id: 18) startup time: 999 milliseconds','ivpcore.PluginMonitor','2025-03-06 18:21:15','Info',0);
/*!40000 ALTER TABLE `eventLog` ENABLE KEYS */;
UNLOCK TABLES;

--
-- Table structure for table `installedPlugin`
--

DROP TABLE IF EXISTS `installedPlugin`;
/*!40101 SET @saved_cs_client     = @@character_set_client */;
/*!50503 SET character_set_client = utf8mb4 */;
CREATE TABLE `installedPlugin` (
  `id` int(10) unsigned NOT NULL AUTO_INCREMENT,
  `pluginId` int(10) unsigned NOT NULL,
  `path` text NOT NULL,
  `exeName` text NOT NULL,
  `manifestName` text NOT NULL,
  `commandLineParameters` text NOT NULL,
  `enabled` tinyint(1) NOT NULL,
  `maxMessageInterval` int(10) unsigned NOT NULL,
  PRIMARY KEY (`id`),
  UNIQUE KEY `pluginId` (`pluginId`),
  CONSTRAINT `installedPlugin_ibfk_2` FOREIGN KEY (`pluginId`) REFERENCES `plugin` (`id`)
) ENGINE=InnoDB AUTO_INCREMENT=23 DEFAULT CHARSET=latin1;
/*!40101 SET character_set_client = @saved_cs_client */;

--
-- Dumping data for table `installedPlugin`
--

LOCK TABLES `installedPlugin` WRITE;
/*!40000 ALTER TABLE `installedPlugin` DISABLE KEYS */;
INSERT INTO `installedPlugin` VALUES (1,1,'/var/www/plugins/CARMACloudPlugin','/bin/CARMACloudPlugin','manifest.json','',0,500000),(2,2,'/var/www/plugins/CARMAStreetsPlugin','/bin/CARMAStreetsPlugin','manifest.json','',1,500000),(3,3,'/var/www/plugins/CDASimAdapter','/bin/CDASimAdapter','manifest.json','',1,500000),(4,4,'/var/www/plugins/CommandPlugin','/bin/CommandPlugin','manifest.json','',1,500000),(5,5,'/var/www/plugins/CswPlugin','/bin/CswPlugin','manifest.json','',0,500000),(6,6,'/var/www/plugins/DmsPlugin','/bin/DmsPlugin','manifest.json','',0,500000),(7,7,'/var/www/plugins/ERVCloudForwardingPlugin','/bin/ERVCloudForwardingPlugin','manifest.json','',0,500000),(8,8,'/var/www/plugins/ImmediateForwardPlugin','/bin/ImmediateForwardPlugin','manifest.json','',1,500000),(9,9,'/var/www/plugins/LocationPlugin','/bin/LocationPlugin','manifest.json','',0,500000),(10,10,'/var/www/plugins/MapPlugin','/bin/MapPlugin','manifest.json','',1,500000),(11,11,'/var/www/plugins/MessageLoggerPlugin','/bin/MessageLoggerPlugin','manifest.json','',0,500000),(12,12,'/var/www/plugins/MessageReceiverPlugin','/bin/MessageReceiverPlugin','manifest.json','',1,500000),(13,13,'/var/www/plugins/ODEForwardPlugin','/bin/ODEForwardPlugin','manifest.json','',0,500000),(14,14,'/var/www/plugins/PedestrianPlugin','/bin/PedestrianPlugin','manifest.json','',0,500000),(15,15,'/var/www/plugins/PortDrayagePlugin','/bin/PortDrayagePlugin','manifest.json','',0,500000),(16,16,'/var/www/plugins/PreemptionPlugin','/bin/PreemptionPlugin','manifest.json','',0,500000),(17,17,'/var/www/plugins/RtcmPlugin','/bin/RtcmPlugin','manifest.json','',0,500000),(18,18,'/var/www/plugins/SpatPlugin','/bin/SpatPlugin','manifest.json','',1,500000),(19,19,'/var/www/plugins/TimPlugin','/bin/TimPlugin','manifest.json','',0,500000),(20,23,'/var/www/plugins/MUSTSensorDriverPlugin','/bin/MUSTSensorDriverPlugin','manifest.json','',0,500000),(21,24,'/var/www/plugins/RSUHealthMonitorPlugin','/bin/RSUHealthMonitorPlugin','manifest.json','',0,500000),(22,25,'/var/www/plugins/TelematicBridgePlugin','/bin/TelematicBridgePlugin','manifest.json','',0,500000);
/*!40000 ALTER TABLE `installedPlugin` ENABLE KEYS */;
UNLOCK TABLES;

--
-- Table structure for table `messageActivity`
--

DROP TABLE IF EXISTS `messageActivity`;
/*!40101 SET @saved_cs_client     = @@character_set_client */;
/*!50503 SET character_set_client = utf8mb4 */;
CREATE TABLE `messageActivity` (
  `id` int(10) unsigned NOT NULL AUTO_INCREMENT COMMENT 'Primary key',
  `messageTypeId` int(10) unsigned NOT NULL COMMENT 'Foreign key into the messageType table',
  `pluginId` int(10) unsigned NOT NULL,
  `count` int(10) unsigned NOT NULL,
  `lastReceivedTimestamp` timestamp NOT NULL DEFAULT CURRENT_TIMESTAMP COMMENT 'The date and time of the most recent message of a type in UTC.',
  `averageInterval` int(10) unsigned NOT NULL,
  PRIMARY KEY (`id`),
  UNIQUE KEY `messageTypeId_pluginId` (`messageTypeId`,`pluginId`),
  KEY `messageTypeId` (`messageTypeId`),
  KEY `pluginId` (`pluginId`),
  CONSTRAINT `messageActivity_ibfk_1` FOREIGN KEY (`messageTypeId`) REFERENCES `messageType` (`id`) ON DELETE CASCADE ON UPDATE CASCADE,
  CONSTRAINT `messageActivity_ibfk_2` FOREIGN KEY (`pluginId`) REFERENCES `plugin` (`id`) ON DELETE CASCADE ON UPDATE CASCADE
) ENGINE=InnoDB AUTO_INCREMENT=3452 DEFAULT CHARSET=latin1 COMMENT='This table records the most recent message activity of each active plugin in the IVP system. The data in this table is updated by the IVP plugin monitor core component for every message the plugin monitor receives.';
/*!40101 SET character_set_client = @saved_cs_client */;

--
-- Dumping data for table `messageActivity`
--

LOCK TABLES `messageActivity` WRITE;
/*!40000 ALTER TABLE `messageActivity` DISABLE KEYS */;
INSERT INTO `messageActivity` VALUES (1,30,3,4416,'2025-03-06 18:23:18',185),(3,1,12,366,'2025-03-06 18:13:57',0),(7,15,10,2,'2025-03-06 18:20:09',0),(9,15,12,2,'2025-03-06 18:21:50',0),(10,15,2,2,'2025-03-06 18:20:08',0),(12,15,3,1,'2025-03-06 18:12:19',0),(13,15,4,2,'2025-03-06 18:20:09',0),(14,15,8,2,'2025-03-06 18:20:09',0),(17,62,12,12,'2025-03-06 18:13:45',0),(368,80,12,41,'2025-03-06 18:13:57',0),(641,15,18,5,'2025-03-06 18:21:20',0);
/*!40000 ALTER TABLE `messageActivity` ENABLE KEYS */;
UNLOCK TABLES;

--
-- Table structure for table `messageType`
--

DROP TABLE IF EXISTS `messageType`;
/*!40101 SET @saved_cs_client     = @@character_set_client */;
/*!50503 SET character_set_client = utf8mb4 */;
CREATE TABLE `messageType` (
  `id` int(10) unsigned NOT NULL AUTO_INCREMENT COMMENT 'Primary key',
  `type` varchar(50) NOT NULL COMMENT 'A unique message type name',
  `subtype` varchar(50) NOT NULL,
  `description` text COMMENT 'A description of the message type',
  PRIMARY KEY (`id`),
  UNIQUE KEY `type` (`type`,`subtype`)
) ENGINE=InnoDB AUTO_INCREMENT=114 DEFAULT CHARSET=latin1 COMMENT='This table lists the valid message types of every plugin loaded on the IVP platform.';
/*!40101 SET character_set_client = @saved_cs_client */;

--
-- Dumping data for table `messageType`
--

LOCK TABLES `messageType` WRITE;
/*!40000 ALTER TABLE `messageType` DISABLE KEYS */;
INSERT INTO `messageType` VALUES (1,'J2735','BSM','DSRC Basic Safety Message'),(2,'J2735','CSR','DSRC Common Safety Request'),(3,'J2735','EVA','DSRC Emergency Vehicle Alert'),(4,'J2735','IC','DSRC Intersection Collision'),(5,'J2735','MAP','DSRC Map Data'),(6,'J2735','NMEA','DSRC NMEA Corrections'),(7,'J2735','PDM','DSRC Probe Data Management'),(8,'J2735','PVD','DSRC Probe Vehicle Data'),(9,'J2735','RSA','DSRC Road Side Alert'),(10,'J2735','RTCM','DSRC RTCM Corrections'),(11,'J2735','SPAT','DSRC SPAT Message'),(12,'J2735','SRM','DSRC Signal Request Message'),(13,'J2735','SSM','DSRC Signal Status Message'),(14,'J2735','TIM','DSRC Traveler Information Message'),(15,'System','KeepAlive',''),(30,'Application','TimeSync','Time synchronization message.'),(45,'J2735','MAP-P','Full geometric layout of the intersection.'),(62,'J2735','TMSG04-P',''),(79,'J2735','TMSG03-P','Mobility Operation Message'),(80,'J2735','TMSG02-P','Mobility Path Message'),(84,'J2735','SPAT-P','Signal Phase and Timing (SPAT) status for the signalized intersection.'),(105,'Application','SensorDetectedObject','Sensor detected object for cooperative perception.'),(106,'J2735','SensorDataSharingMessage','Message to share detected object data.');
/*!40000 ALTER TABLE `messageType` ENABLE KEYS */;
UNLOCK TABLES;

--
-- Table structure for table `plugin`
--

DROP TABLE IF EXISTS `plugin`;
/*!40101 SET @saved_cs_client     = @@character_set_client */;
/*!50503 SET character_set_client = utf8mb4 */;
CREATE TABLE `plugin` (
  `id` int(10) unsigned NOT NULL AUTO_INCREMENT COMMENT 'Primary key',
  `name` varchar(100) NOT NULL COMMENT 'A unique plugin name',
  `description` text,
  `version` text,
  PRIMARY KEY (`id`),
  UNIQUE KEY `name` (`name`)
) ENGINE=InnoDB AUTO_INCREMENT=51 DEFAULT CHARSET=latin1 COMMENT='This table lists the plugins loaded and available to run on the IVP platform.';
/*!40101 SET character_set_client = @saved_cs_client */;

--
-- Dumping data for table `plugin`
--

LOCK TABLES `plugin` WRITE;
/*!40000 ALTER TABLE `plugin` DISABLE KEYS */;
INSERT INTO `plugin` VALUES (0,'Plugin System','The global configuration for all TMX plugins','4.0'),(1,'CARMACloud','CARMA cloud plugin for making websocket connection with CARMA cloud .','7.6.0'),(2,'CARMAStreetsPlugin','Plugin to communicate with CARMA Streets via Apache Kafka','7.6.0'),(3,'CDASimAdapter','CDASim Adapter is the V2X-Hub plugin that facilitates the connection between the CDASim simulation environment and V2X-Hub and CARMA Streets.','7.6.0'),(4,'CommandPlugin','Listens for websocket connections from the TMX admin portal and processes commands','7.6.0'),(5,'CSW','Provides Curve Speed Warning (CSW).','7.6.0'),(6,'DynamicMessageSign','Provides communication to a dynamic message sign.','7.6.0'),(7,'ERVCloudForwarding','ERV (Emergency Response Vehicle) cloud plugin for making websocket connection with CARMA cloud, and forward ERV BSM to CARMA cloud.','7.6.0'),(8,'ImmediateForward','Plugin that listens for TMX messages and forwards them to the V2X Radio (i.e. the RSU).','7.6.0'),(9,'Location','Plugin used to send out Location Messages using data from GPSD','7.6.0'),(10,'MAP','Plugin that reads intersection geometry from a configuration file and publishes a J2735 MAP message.','7.6.0'),(11,'MessageLoggerPlugin','Listens for J2735 messages and logs them in a file in JSON format.','7.6.0'),(12,'MessageReceiver','Plugin to receive messages from an external V2X radio or other source','7.6.0'),(13,'ODEForwardPlugin','Listens for J2735 messages and realtime forwards them to ODE.','7.6.0'),(14,'Pedestrian','Pedestrian plugin for the IVP system.','7.6.0'),(15,'PortDrayagePlugin','PortDrayagePlugin for sending freight trucks automated actions in a port.','7.6.0'),(16,'Preemption','Preemption plugin for the IVP system.','7.6.0'),(17,'RTCM','Plugin to listen for RTCM messages from an NTRIP caster and route those messages over a V2X radio','7.6.0'),(18,'SPAT','The SPaT plugin receives live Signal Phase and Timing data from the Traffic Signal Controller and publishes a J2735 SPAT message.','7.6.0'),(19,'TIM','Provides Traveller Information Message (TIM).','7.6.0'),(20,'ivpcore.PluginMonitor','Core element that is responsible for starting/stopping installed plugins and monitoring the status of the plugins','3.2.0'),(21,'ivpcore.MessageProfiler','Core element that is responsible for profiling the statistics of received messages','3.2.0'),(22,'ivpcore.HistoryManager','Core element that is responsible for purging old log and history data','3.2.0'),(23,'MUSTSensorDriver','Plugin for processing MUST Sensor Data.','7.6.0'),(24,'RSUHealthMonitor','Monitor RSU health status','7.6.0'),(25,'TelematicBridge','Plugin that listens for TMX messages and forward them to the Telematic cloud services.','7.6.0');
/*!40000 ALTER TABLE `plugin` ENABLE KEYS */;
UNLOCK TABLES;

--
-- Table structure for table `pluginActivity`
--

DROP TABLE IF EXISTS `pluginActivity`;
/*!40101 SET @saved_cs_client     = @@character_set_client */;
/*!50503 SET character_set_client = utf8mb4 */;
CREATE TABLE `pluginActivity` (
  `id` int(10) unsigned NOT NULL AUTO_INCREMENT COMMENT 'Primary key',
  `msgReceivedTimestamp` bigint(20) unsigned NOT NULL COMMENT 'Timestamp in microseconds since Epoch of when message was received by destination Plugin',
  `rPluginName` varchar(100) NOT NULL COMMENT 'Name of receiving plugin',
  `sPluginName` varchar(100) NOT NULL COMMENT 'Name of source plugin',
  `msgType` varchar(100) NOT NULL COMMENT 'Type of message',
  `msgSubtype` varchar(100) NOT NULL COMMENT 'Subtype of message',
  `msgCreatedTimestamp` bigint(20) NOT NULL COMMENT 'Timestamp in milliseconds since Epoch of when message was created.',
  `msgHandledTimestamp` bigint(20) NOT NULL COMMENT 'Timestamp in milliseconds since Epoch of when receiving plugin finished handling message.',
  `origMsgTimestamp` bigint(20) NOT NULL COMMENT 'Timestamp in milliseconds since Epoch of the original message that triggered this message sequence.',
  PRIMARY KEY (`id`),
  UNIQUE KEY `msgReceivedTimestamp_rPluginName` (`msgReceivedTimestamp`,`rPluginName`)
) ENGINE=InnoDB DEFAULT CHARSET=latin1 COMMENT='This table records all message activity of each active plugin in the IVP system. The data in this table is updated by each Plugin as part of PluginClient base class implementation.';
/*!40101 SET character_set_client = @saved_cs_client */;

--
-- Dumping data for table `pluginActivity`
--

LOCK TABLES `pluginActivity` WRITE;
/*!40000 ALTER TABLE `pluginActivity` DISABLE KEYS */;
/*!40000 ALTER TABLE `pluginActivity` ENABLE KEYS */;
UNLOCK TABLES;

--
-- Table structure for table `pluginConfigurationParameter`
--

DROP TABLE IF EXISTS `pluginConfigurationParameter`;
/*!40101 SET @saved_cs_client     = @@character_set_client */;
/*!50503 SET character_set_client = utf8mb4 */;
CREATE TABLE `pluginConfigurationParameter` (
  `id` int(10) unsigned NOT NULL AUTO_INCREMENT COMMENT 'Primary key',
  `pluginId` int(10) unsigned NOT NULL,
  `key` varchar(255) NOT NULL COMMENT 'The name of a configuration parameter.',
  `value` text NOT NULL COMMENT 'The value of a configuration parameter',
  `defaultValue` text NOT NULL,
  `description` text NOT NULL,
  PRIMARY KEY (`id`),
  UNIQUE KEY `pluginId_key` (`pluginId`,`key`),
  KEY `pluginId` (`pluginId`),
  CONSTRAINT `pluginConfigurationParameter_ibfk_1` FOREIGN KEY (`pluginId`) REFERENCES `plugin` (`id`) ON DELETE CASCADE ON UPDATE CASCADE
) ENGINE=InnoDB AUTO_INCREMENT=300 DEFAULT CHARSET=latin1 COMMENT='This table lists the IVP system configuration parameters used by both core components and plugins to control the behavior of the system.';
/*!40101 SET character_set_client = @saved_cs_client */;

--
-- Dumping data for table `pluginConfigurationParameter`
--

LOCK TABLES `pluginConfigurationParameter` WRITE;
/*!40000 ALTER TABLE `pluginConfigurationParameter` DISABLE KEYS */;
INSERT INTO `pluginConfigurationParameter` VALUES (1,1,'Frequency','1000','1000','The frequency to send the TIM in milliseconds.'),(2,1,'Instance','0','0','The instance of this plugin.'),(3,1,'WebServiceIP','127.0.0.1','127.0.0.1','Server IP address for V2X hub'),(4,1,'fetchTime','15','15','Time from while the TCMs are requested, in days'),(5,1,'LogLevel','INFO','INFO','The log level for this plugin'),(6,1,'MobilityOperationStrategies','carma3/Geofence_Acknowledgement','carma3/Geofence_Acknowledgement','A comma separated list of strategies of MobilityOperation messages from CARMA vehicles.'),(7,1,'TCMRepeatedlyBroadcastTimeOut','1000','1000','After it receives TCM from carma cloud, it repeatedly broadcasts TCM until TCMRepeatTimeOut milliseconds.'),(8,1,'TCMRepeatedlyBroadcastSleep','100','100','The repeatedly broadcast thread should sleep for number of milliseconds.'),(9,1,'TCMRepeatedlyBroadCastTotalTimes','1','1','The number of times TCMs with the same request id should be repeatedly broadcast within the time out period.'),(10,1,'TCMNOAcknowledgementDescription','No response received from CMV after repeatedly broadcast TCMs.','No response received from CMV after repeatedly broadcast TCMs.','If the plugin does not receives any aknowledgement from CMV within the configured seconds that match the original TCM, the plugin will create an NO ACK message and display it on UI.'),(11,1,'WebServicePort','22222','22222','Server Port for V2X hub to receive TCM messages'),(12,1,'listTCM','true','true','Indicator to determine if v2xhub receives a list of TCMs from carma-cloud. Default to true, returning a list of TCM. If false, return one TCM at a time. Indicator value can only be either true or false.'),(13,2,'LogLevel','INFO','INFO','The log level for this plugin'),(14,2,'IntersectionId','36243','9945','The id of intersection.'),(15,2,'KafkaBrokerIp','172.4.0.3','127.0.0.1','IP of Apache Kafka broker.'),(16,2,'KafkaBrokerPort','9092','9092','Port of Apache Kafka broker.'),(17,2,'MobilityOperationStrategies','Carma/stop_controlled_intersection,Carma/signalized_intersection','Carma/stop_controlled_intersection,Carma/signalized_intersection','A comma separated list of strategies of MobilityOperation messages to send to CARMA Streets'),(18,2,'MobilityOperationTopic','v2xhub_mobility_operation_in','v2xhub_mobility_operation_in','Apache Kafka topic plugin will transmit message to.'),(19,2,'MobilityPathTopic','v2xhub_mobility_path_in','v2xhub_mobility_path_in','Apache Kafka topic plugin will transmit message to.'),(20,2,'BsmTopic','v2xhub_bsm_in','v2xhub_bsm_in','Apache Kafka topic plugin will transmit message to.'),(21,2,'MapTopic','v2xhub_map_msg_in','v2xhub_map_msg_in','Apache Kafka topic plugin will transmit message to.'),(22,2,'SchedulingPlanTopic','v2xhub_scheduling_plan_sub','v2xhub_scheduling_plan_sub','Apache Kafka topic plugin will transmit message to.'),(24,2,'SpatTopic','modified_spat','modified_spat','Apache Kafka topic plugin will transmit message to.'),(26,3,'LogLevel','INFO','INFO','The log level for this plugin'),(30,4,'SleepMS','100','100','The length of milliseconds to sleep between processing all messages.'),(31,4,'SSLEnabled','true','true','Enable secure connection using SSL.'),(32,4,'SSLPath','/var/www/plugins/.ssl','/var/www/plugins/.ssl','The path to the directory containing the SSL key and certificate files.'),(33,4,'EventRowLimit','50','50','The maximum number of rows returned for the initial Event Log query.'),(34,4,'DownloadPath','/var/www/download','/var/www/download','The path to the directory where downloaded files will be saved.'),(35,4,'LogLevel','ERROR','ERROR','The log level for this plugin'),(36,5,'Frequency','1000','1000','The frequency to send the TIM in milliseconds.'),(37,5,'MapFile','IVP_GF_CSW.xml','IVP_GF_CSW.xml',''),(38,5,'Snap Interval','300','300','The interval in milliseconds to keep a vehicle within a zone before allowing it to transition out of all zones.'),(39,5,'Vehicle Timeout','2000','2000','Timeout in milliseconds when a vehicle is removed from all zones if a BSM has not been received.'),(40,6,'DMS IP Address','192.168.25.30','192.168.25.30','The IP address of the NTCIP Dynamic Message Sign.'),(41,6,'DMS Port','9090','9090','The port of the NTCIP Dynamic Message Sign.'),(42,6,'Enable DMS','True','True','If true all messages are sent to the Dynamic Message Sign using NTCIP 1203.'),(43,6,'Enable Sign Simulator','True','True','If true all messages are sent to the Sign Simulator using UDP.'),(44,6,'Force Message ID','-1','-1','Immediately activates the message ID specified, then resets back to -1.'),(45,6,'Message 01','','','The text to display on the sign for ID 01 with any formatting (see NTCIP 1203).'),(46,6,'Message 02','[jl3][pt15o0]25[np]MPH','[jl3][pt15o0]25[np]MPH','The text to display on the sign for ID 02 with any formatting (see NTCIP 1203).'),(47,6,'Message 03','[jl3][pt15o0]SLOW[np]DOWN','[jl3][pt15o0]SLOW[np]DOWN','The text to display on the sign for ID 03 with any formatting (see NTCIP 1203).'),(48,6,'Message 04','[jl3][pt15o0]CRVE[np]AHED','[jl3][pt15o0]CRVE[np]AHED','The text to display on the sign for ID 04 with any formatting (see NTCIP 1203).'),(49,6,'Sign Sim IP Address','192.168.25.31','192.168.25.31','The IP address of the Sign Simulator that is the receipient of UDP messages.'),(50,6,'Sign Sim Port','9090','9090','The UDP port of the Sign Simulator that is the receipient of UDP messages.'),(51,7,'WebServiceIP','127.0.0.1','127.0.0.1','Server IP address for V2X hub to receive BSM'),(52,7,'WebServicePort','44444','44444','Server port for V2X hub to receive BSM'),(53,7,'RSUIp','192.168.XX.XX','192.168.XX.XX','An IP address of the RSU the V2X hub is connected to.'),(54,7,'RSUName','WestIntersectionRSU','WestIntersectionRSU','A short description for the RSU the V2X hub is connected to.'),(55,7,'SNMPPort','161','161','The SNMP port for sending message or command.'),(56,7,'AuthPassPhrase','dummy','dummy','SNMP v3 authentication passphrase'),(57,7,'SecurityUser','authOnlyUser','authOnlyUser','SNMP Security Name'),(58,7,'GPSOID','1.0.15628.4.1.8.5.0','1.0.15628.4.1.8.5.0','OID (Object Identifier) uniquely identify managed objects in a MIB database.'),(59,7,'LogLevel','INFO','INFO','The log level for this plugin'),(60,8,'LogLevel','DEBUG','INFO','The log level for this plugin'),(72,9,'Frequency','500','500','Rate to send Location Message in milliseconds'),(73,9,'LatchHeadingSpeed','2.5','2.5','Speed at which the heading parameter should be latched, in mph.  Set to 0 to disable latching.'),(74,9,'GPSSource','localhost','localhost','Host where the GPSd is running'),(75,9,'SendRawNMEA','true','true','Route the raw NMEA strings from GPSd through TMX'),(76,10,'Frequency','1000','1000','The frequency to send the MAP message in milliseconds.'),(77,10,'LogLevel','INFO','INFO','Map Plugin Log Level controls which log statements are printed to the terminal.'),(78,10,'MAP_Files','{ \"MapFiles\": [ {\"Action\":0, \"FilePath\":\"/var/www/plugins/MAP/Town05_intersection.uper\"}] }','{ \"MapFiles\": [ {\"Action\":0, \"FilePath\":\"/var/www/plugins/MAP/MAP_9709_UPER.txt\"}] }','JSON data defining a list of map files. One map file for each action set specified by the TSC.'),(79,11,'File Size In MB','100','100','Maximum size of the log file in MB.'),(80,11,'Filename','logTx','logTx','Default name of the log file.'),(81,11,'File Location','/var/log/tmx','/var/log/tmx','The location where the log files are stored. DO NOT edit while using docker deployment of V2X-Hub!'),(82,12,'LogLevel','INFO','INFO','The log level for this plugin'),(83,12,'messageid','0012,0013,0014,001D,00F0,00F1,00F2,00F3,00F4,00F5,00F6,00F7','0012,0013,0014,001D,00F0,00F1,00F2,00F3,00F4,00F5,00F6,00F7','Comma separated list of SAE J2735 message ID values.'),(84,12,'IP','172.2.0.8','127.0.0.1','IP address for the incoming message network connection.'),(85,12,'Port','8765','26789','Port for the incoming message network connection.'),(87,12,'EnableSimulatedBSM','true','true','Accept and route incoming BSM messages from a V2X Hub simulator.'),(88,12,'EnableSimulatedSRM','true','true','Accept and route incoming SRM messages from a V2X Hub simulator.'),(89,12,'EnableSimulatedLocation','true','true','Accept and route incoming GPS location messages from a V2X Hub simulator.'),(90,12,'EnableVerification','0','0','If enabled, security HSM features are enabled and MessageReceiver Plugin will try to verify incoming message.'),(91,12,'HSMurl','http://<SoftHSM IP>:3000/v1/scms/','http://<SoftHSM IP>:3000/v1/scms/','REST API endpoint url needed to make HSM calls'),(92,13,'instance','1','1','Instance of the application'),(93,13,'schedule_frequency','1','1','Sample of incoming messages to forward (1 = forward every message)'),(94,13,'ForwardMSG','1','1','Enable forwarding of messages'),(95,13,'BSMKafkaTopic','topic.OdeRawEncodedBSMJson','topic.OdeRawEncodedBSMJson','(Cond: ForwardMSG == True) Topic to use for forwarding BSM'),(96,13,'SPaTKafkaTopic','topic.OdeRawEncodedSPATJson','topic.OdeRawEncodedSPATJson','(Cond: ForwardMSG == True) Topic to use for forwarding SPaT'),(97,13,'KafkaBrokerIp','172.31.55.238','172.31.55.238','IP address to be used for KAFKA broker'),(98,13,'KafkaBrokerPort','9092','9092','Port number to be used for KAFKA broker'),(99,14,'Frequency','1000','1000','The frequency to send the PSM in milliseconds.'),(100,14,'Instance','0','0','The instance of Pedestrian plugin.'),(101,14,'WebServiceIP','127.0.0.1','127.0.0.1','IP address at which the web service exists'),(102,14,'WebServicePort','9000','9000','Port at which Web service exists'),(103,14,'DataProvider','FLIR','FLIR','Possible data providers we handle - FLIR (websocket) or PSM (REST request)'),(104,14,'WebSocketHost','192.168.55.183','192.168.55.183','IP address of the camera to connect to for data'),(105,14,'WebSocketPort','80','80','Extension/port for FLIR camera subscription'),(106,14,'HostString','/api/subscriptions','/api/subscriptions','Host HTTP header during the WebSocket handshake'),(107,14,'FLIRCameraRotation','16.13','16.13','Measured camera rotation from true north (in degrees) used for heading conversion'),(108,14,'LogLevel','INFO','INFO','The log level for this plugin'),(109,15,'Database_IP','127.0.0.1','127.0.0.1','IP address of database'),(110,15,'Database_Port','3306','3306','Port of database'),(111,15,'Database_Username','root','root','Username for database'),(112,15,'Database_Password','ivp','ivp','Password for database'),(113,15,'Database_Name','PORT_DRAYAGE','PORT_DRAYAGE','Name of database.'),(114,15,'LogLevel','INFO','INFO','The log level for this plugin'),(115,15,'Webservice_Host','127.0.0.1','127.0.0.1','PortDrayage Webservice Host Address'),(116,15,'Webservice_Port','8090','8090','PortDrayage WebService Port'),(117,15,'Webservice_Secure','false','false','Boolean flag set to true for HTTPS communication'),(118,15,'Webservice_Polling_Frequency','5','5','Polling Frequency for PortDrayage Webservice action status in seconds'),(119,15,'Holding_Lat','45.45','45.45','Latitude Coordinate for Holding Area GPS Location in Degrees(-90,90).'),(120,15,'Holding_Lon','-45.45','-45.45','Longitude Coordinate for Holding Area GPS Location in Degrees(-180,180).'),(121,16,'Instance','0','0','The instance of Preemption plugin.'),(122,16,'BasePreemptionOid','.1.3.6.1.4.1.1206.4.2.1.6.3.1.2.','.1.3.6.1.4.1.1206.4.2.1.6.3.1.2.','The BasePreemptionOid of Preemption plugin.'),(123,16,'ipwithport','<ip for signal controller>:<port used for signal controller>','<ip for signal controller>:<port used for signal controller>','The ipwithport of Preemption plugin.'),(124,16,'snmp_community','public','public','The snmp_community of Preemption plugin.'),(125,16,'map_path','/geo.json','/geo.json','The map_path for Preemption plugin.'),(126,16,'allowedList','{\"validVehicles\":[\"292710445\",\"123456789\",\"2345678\"]}','{\"validVehicles\":[\"292710445\",\"123456789\",\"2345678\"]}','List of vehicles BSM id that are allowed'),(127,17,'Endpoint IP','156.63.133.118','156.63.133.118','NTRIP caster endpoint IP address'),(128,17,'Endpoint Port','2101','2101','NTRIP caster endpoint port'),(129,17,'Username','username','username','NTRIP caster authentication username'),(130,17,'Password','password','password','NTRIP caster authentication password'),(131,17,'Mountpoint','ODOT_RTCM23','ODOT_RTCM23','NTRIP caster mountpoint'),(132,17,'RTCM Version','Unknown','Unknown','Specify the expected RTCM message version (2.3 or 3.3) coming from the caster.  Use Unknown to auto detect the version, which is done using trial and error, thus may be slow.'),(133,17,'Route RTCM','false','false','Route the RTCM messages created from NTRIP internally for use by other plugins.'),(134,18,'Intersection_Id','1','1','The intersection id for SPAT generated by this plugin (Note Only used in SPAT MODE = BINARY).'),(135,18,'Intersection_Name','Intersection','Intersection','The intersection name for SPAT generated by this plugin (Note Only used in SPAT MODE = BINARY).'),(136,18,'SignalGroupMapping','{\"SignalGroups\":[{\"SignalGroupId\":1,\"Phase\":1,\"Type\":\"vehicle\"},{\"SignalGroupId\":2,\"Phase\":2,\"Type\":\"vehicle\"},{\"SignalGroupId\":3,\"Phase\":3,\"Type\":\"vehicle\"},{\"SignalGroupId\":4,\"Phase\":4,\"Type\":\"vehicle\"},{\"SignalGroupId\":5,\"Phase\":5,\"Type\":\"vehicle\"},{\"SignalGroupId\":6,\"Phase\":6,\"Type\":\"vehicle\"},{\"SignalGroupId\":7,\"Phase\":7,\"Type\":\"vehicle\"},{\"SignalGroupId\":8,\"Phase\":8,\"Type\":\"vehicle\"},{\"SignalGroupId\":22,\"Phase\":2,\"Type\":\"pedestrian\"},{\"SignalGroupId\":24,\"Phase\":4,\"Type\":\"pedestrian\"},{\"SignalGroupId\":26,\"Phase\":6,\"Type\":\"pedestrian\"},{\"SignalGroupId\":28,\"Phase\":8,\"Type\":\"pedestrian\"}]}','{\"SignalGroups\":[{\"SignalGroupId\":1,\"Phase\":1,\"Type\":\"vehicle\"},{\"SignalGroupId\":2,\"Phase\":2,\"Type\":\"vehicle\"},{\"SignalGroupId\":3,\"Phase\":3,\"Type\":\"vehicle\"},{\"SignalGroupId\":4,\"Phase\":4,\"Type\":\"vehicle\"},{\"SignalGroupId\":5,\"Phase\":5,\"Type\":\"vehicle\"},{\"SignalGroupId\":6,\"Phase\":6,\"Type\":\"vehicle\"},{\"SignalGroupId\":7,\"Phase\":7,\"Type\":\"vehicle\"},{\"SignalGroupId\":8,\"Phase\":8,\"Type\":\"vehicle\"},{\"SignalGroupId\":22,\"Phase\":2,\"Type\":\"pedestrian\"},{\"SignalGroupId\":24,\"Phase\":4,\"Type\":\"pedestrian\"},{\"SignalGroupId\":26,\"Phase\":6,\"Type\":\"pedestrian\"},{\"SignalGroupId\":28,\"Phase\":8,\"Type\":\"pedestrian\"}]}','JSON data defining a list of SignalGroups and phases (Note Only used in SPAT MODE = BINARY).'),(137,18,'Local_IP','172.4.0.2','127.0.0.1','The IPv4 address of the local computer for receiving Traffic Signal Controller Broadcast Messages.'),(138,18,'Local_UDP_Port','6053','6053','The local UDP port for reception of Traffic Signal Controller Broadcast Messages from the TSC.'),(139,18,'TSC_IP','172.4.0.4','127.0.0.1','The IPv4 address of the destination Traffic Signal Controller (TSC).'),(141,18,'LogLevel','INFO','INFO','SPAT Plugin Log Level controls which log statements are printed to the terminal.'),(142,19,'Frequency','1000','1000','The frequency to send the TIM in milliseconds.'),(143,19,'MapFile','/var/www/plugins/MAP/IVP_GF_TIM.xml','/var/www/plugins/MAP/IVP_GF_TIM.xml',''),(144,19,'Start_Broadcast_Date','01-01-2019','01-01-2019','The Start Broadcast Date for the TIM message in the (mm-dd-YYYY) format.'),(145,19,'Stop_Broadcast_Date','12-31-2020','12-31-2020','The Stop Broadcast Date for the TIM message in the (mm-dd-YYYY) format.'),(146,19,'Start_Broadcast_Time','06:00:00','06:00:00','The Start Broadcast Time for the TIM message in the (HH:MM:SS) format.'),(147,19,'Stop_Broadcast_Time','21:00:00','21:00:00','The Start Broadcast Time for the TIM message in the (HH:MM:SS) format.'),(148,19,'WebServiceIP','127.0.0.1','127.0.0.1','IP address at which the web service exists'),(149,19,'WebServicePort','10000','10000','Port at which Web service exists'),(150,20,'Startup Delay (ms)','10000','10000','Delay in milliseconds before starting any plugins.'),(151,20,'Monitor Check Interval (ms)','5000','5000','Delay in milliseconds between monitor checks.'),(152,20,'Max Startup Time (ms)','15000','15000','Maximum allowed startup time of a plugin before it is rebooted.'),(153,21,'Database Refresh Interval (ms)','2000','2000','The interval (in milliseconds) between uploads of message statistics to the database.'),(154,21,'Message Averaging Window (ms)','20000','20000','The averaging window (in milliseconds) that the profiler measures average interval.'),(155,22,'Purge Intervals (sec)','120','120','Interval between purges of history items'),(156,22,'Max Event Log Size','2000','2000','Maximum number of event log entries to keep.  A value of zero will result in no purging of event log entries'),(157,2,'SRMTopic','v2xhub_srm_in','v2xhub_srm_in','Apache Kafka topic plugin will transmit message to.'),(158,19,'LogLevel','DEBUG','DEBUG','TIM Plugin Log Level controls which log statements are printed to the terminal.'),(159,3,'X','221','0.0','Cartesian X coordinate in simulated map (in meters).'),(160,3,'Y','198','0.0','Cartesian Y coordinate in simulated map (in meters).'),(161,3,'Z','0.0','0.0','Cartesian Z coordinate in simulated map (in meters).'),(162,1,'CARMACloudIP','http://127.0.0.1','http://127.0.0.1','Server IP address of carma-cloud'),(163,1,'CARMACloudPort','33333','33333','Server Port for V2X hub to send TCR messages to carma-cloud'),(164,2,'SsmTopic','v2xhub_ssm_sub','v2xhub_ssm_sub','Apache Kafka topic plugin will transmit message to.'),(165,2,'SimSensorDetectedObjTopic','v2xhub_sim_sensor_detected_object','v2xhub_sim_sensor_detected_object','Apache Kafka topic plugin will transmit simulated sensor detected object to.'),(166,2,'SdsmSubscribeTopic','v2xhub_sdsm_sub','v2xhub_sdsm_sub','Apache Kafka topic plugin that will subscribe to SDSM streams.'),(167,2,'SdsmTransmitTopic','v2xhub_sdsm_tra','v2xhub_sdsm_tra','Apache Kafka topic plugin that will transmit SDSMs.'),(168,3,'MaxConnectionAttempts','10','10','Number of connection attempts CDASimAdapter plugin will execute before failing. Valid values are any integers greater than or equal to 1. Any value less than 1 will result in unlimited connection attemtps.'),(169,3,'ConnectionSleepTime','4','4','Number of seconds to wait after a failed CDASim connection attempt, before retrying to establish connection. Valid values are equal or greater than 1. Any value less than 1 will be treated as 1.'),(170,8,'ImmediateForwardConfigurations','[{\"name\": \"East Intersection Cohda\", \"rsuSpec\": \"RSU4.1\",\"address\": \"127.0.0.1\",\"port\": 1516,\"txMode\": \"CONT\",\"signMessages\": false,\"messages\": [{ \"tmxType\": \"SPAT-P\", \"sendType\": \"SPAT\", \"psid\": \"0x8002\", \"channel\": 183 },{ \"tmxType\": \"MAP-P\", \"sendType\": \"MAP\", \"psid\": \"0x8002\", \"channel\": 183 },{ \"tmxType\": \"PSM-P\", \"sendType\": \"PSM\", \"psid\": \"0x27\", \"channel\": 183 }, { \"tmxType\": \"TIM\", \"sendType\": \"TIM\", \"psid\": \"0x8003\", \"channel\": 183 },{ \"tmxType\": \"TMSG07-P\", \"sendType\": \"TMSG07\", \"psid\": \"0x8002\", \"channel\": 183 },{ \"tmxType\": \"TMSG03-P\", \"sendType\": \"TMSG03\", \"psid\": \"0xBFEE\", \"channel\": 183 },{ \"tmxType\": \"TMSG05-P\", \"sendType\": \"TMSG05\", \"psid\": \"0x8003\", \"channel\": 183 },{ \"tmxType\": \"SSM-P\", \"sendType\": \"SSM\", \"psid\": \"0x8002\", \"channel\": 183 },{ \"tmxType\": \"SDSM\", \"sendType\": \"SDSM\", \"psid\": \"0x8010\", \"channel\": 183 }]}]','[{\"name\": \"East Intersection Cohda\", \"rsuSpec\": \"RSU4.1\",\"address\": \"127.0.0.1\",\"port\": 1516,\"txMode\": \"CONT\",\"signMessages\": false,\"messages\": [{ \"tmxType\": \"SPAT-P\", \"sendType\": \"SPAT\", \"psid\": \"0x8002\", \"channel\": 183 },{ \"tmxType\": \"MAP-P\", \"sendType\": \"MAP\", \"psid\": \"0x8002\", \"channel\": 183 },{ \"tmxType\": \"PSM-P\", \"sendType\": \"PSM\", \"psid\": \"0x27\", \"channel\": 183 }, { \"tmxType\": \"TIM\", \"sendType\": \"TIM\", \"psid\": \"0x8003\", \"channel\": 183 },{ \"tmxType\": \"TMSG07-P\", \"sendType\": \"TMSG07\", \"psid\": \"0x8002\", \"channel\": 183 },{ \"tmxType\": \"TMSG03-P\", \"sendType\": \"TMSG03\", \"psid\": \"0xBFEE\", \"channel\": 183 },{ \"tmxType\": \"TMSG05-P\", \"sendType\": \"TMSG05\", \"psid\": \"0x8003\", \"channel\": 183 },{ \"tmxType\": \"SSM-P\", \"sendType\": \"SSM\", \"psid\": \"0x8002\", \"channel\": 183 },{ \"tmxType\": \"SDSM\", \"sendType\": \"SDSM\", \"psid\": \"0x8010\", \"channel\": 183 }]}]','JSON data defining the message types, PSIDs, and channel number for messages forwarded to the V2X radios. This can include as many independent radio connection configurations as necessary in an array.'),(171,23,'LogLevel','INFO','INFO','The log level for this plugin'),(172,23,'DetectionReceiverIP','127.0.0.1','127.0.0.1','IP Address V2X-Hub listens for incoming detections'),(173,23,'DetectionReceiverPort','4545','4545','Port V2X-Hub listens for incoming detections'),(174,23,'SensorId','MUSTSensor1','MUSTSensor1','Unique Idenifier for Sensor'),(175,23,'ProjectionString','+proj=tmerc +lat_0=0 +lon_0=0 +k=1 +x_0=0 +y_0=0 +datum=WGS84 +units=m +geoidgrids=egm96_15.gtx +vunits=m +no_defs','+proj=tmerc +lat_0=0 +lon_0=0 +k=1 +x_0=0 +y_0=0 +datum=WGS84 +units=m +geoidgrids=egm96_15.gtx +vunits=m +no_defs','Projection string for projecting cartesian detection data into WSG84 coordinates.'),(176,23,'DetectionPositionVariance','0.0625','0.0625','Variance of the reported positon data coming from the sensor. Value is used for cooperative perception messages that enable sensor fusion like the SDMS.'),(177,23,'DetectionVelocityVariance','0.0625','0.0625','Variance of the reported velocity data coming from the sensor. Value is used for cooperative perception messages that enable sensor fusion like the SDMS.'),(178,11,'LogLevel','INFO','INFO','The log level for this plugin.'),(179,12,'RouteJ2735','false','false','Set the flag to route/broadcast a received J2735 message to TMX Core.'),(180,13,'LogLevel','INFO','INFO','The log level for this plugin'),(181,13,'CommunicationMode','UDP','UDP','Communication mode to be used for UDP socket connection. Modes: Kafka or UDP'),(182,13,'UDPServerIpAddress','127.0.0.1','127.0.0.1','IP address to be used for UDP socket connection.'),(183,13,'TIMUDPPort','47900','47900','Port number to be used for sending TIM message via UDP socket.'),(184,13,'BSMUDPPort','46800','46800','Port number to be used for sending BSM message via UDP socket.'),(185,13,'MAPUDPPort','44920','44920','Port number to be used for sending MAP message via UDP socket.'),(186,13,'SPATUDPPort','44910','44910','Port number to be used for sending SPAT message via UDP socket.'),(187,14,'FLIROutput','PSM, SDSM, TIM','PSM, SDSM, TIM','List containing messages to be generated. Possible options: PSM, SDSM, and/or TIM. Only used when \"FLIR\" is the selected DataProvider.'),(188,14,'FLIRConfigurations','[{\"WebSocketHost\": \"127.0.0.1\",\"WebSocketPort\": \"8081\",\"HostString\": \"/api/subscriptions\",\"FLIRCameraRotation\": 16.13, \"FLIRCameraViewName\": \"region-1\"},{\"WebSocketHost\": \"127.0.0.1\",\"WebSocketPort\": \"8082\",\"HostString\": \"/api/subscriptions\",\"FLIRCameraRotation\": 11.13, \"FLIRCameraViewName\": \"region-2\"}]','[{\"WebSocketHost\": \"127.0.0.1\",\"WebSocketPort\": \"8081\",\"HostString\": \"/api/subscriptions\",\"FLIRCameraRotation\": 16.13, \"FLIRCameraViewName\": \"region-1\"},{\"WebSocketHost\": \"127.0.0.1\",\"WebSocketPort\": \"8082\",\"HostString\": \"/api/subscriptions\",\"FLIRCameraRotation\": 11.13, \"FLIRCameraViewName\": \"region-2\"}]','A list of dictionaries containing the configuration for each FLIR camera. Each dictionary should contain the following keys: WebSocketHost, WebSocketPort, HostString, FLIRCameraRotation, and FLIRCameraViewName. Only used when \"FLIR\" is the selected DataProvider.'),(189,14,'StaticTim','{\"TravelerInformation\":{\"msgCnt\":\"1\",\"timeStamp\":\"3960\",\"packetID\":\"8D442EF003FC6B1B01\",\"urlB\":\"null\",\"dataFrames\":{\"TravelerDataFrame\":{\"notUsed\":\"0\",\"frameType\":{\"advisory\":\"\"},\"msgId\":{\"roadSignID\":{\"position\":{\"lat\":\"389550358\",\"long\":\"-771495007\"},\"viewAngle\":\"1111111111111111\",\"mutcdCode\":{\"warning\":\"\"}}},\"startYear\":\"2025\",\"startTime\":\"3960\",\"durationTime\":\"32000\",\"priority\":\"5\",\"notUsed1\":\"0\",\"regions\":{\"GeographicalPath\":{\"name\":\"WesternPedestrianCrossing\",\"id\":{\"region\":\"0\",\"id\":\"0\"},\"anchor\":{\"lat\":\"389550358\",\"long\":\"-771495007\"},\"laneWidth\":\"600\",\"directionality\":{\"reverse\":\"\"},\"closedPath\":{\"false\":\"\"},\"direction\":\"0000000000111100\",\"description\":{\"path\":{\"scale\":\"0\",\"offset\":{\"ll\":{\"nodes\":{\"NodeLL\":{\"delta\":{\"node-LL1\":{\"lon\":\"1556\",\"lat\":\"-454\"}}},\"NodeLL\":{\"delta\":{\"node-LL1\":{\"lon\":\"1676\",\"lat\":\"-254\"}}},\"NodeLL\":{\"delta\":{\"node-LL2\":{\"lon\":\"5293\",\"lat\":\"-531\"}}}}}}}}},\"GeographicalPath\":{\"name\":\"NorthernPedestrianCrossing\",\"id\":{\"region\":\"0\",\"id\":\"0\"},\"anchor\":{\"lat\":\"389551020\",\"long\":\"-771492660\"},\"laneWidth\":\"600\",\"directionality\":{\"reverse\":\"\"},\"closedPath\":{\"false\":\"\"},\"direction\":\"1110000000000011\",\"description\":{\"path\":{\"scale\":\"0\",\"offset\":{\"ll\":{\"nodes\":{\"NodeLL\":{\"delta\":{\"node-LL1\":{\"lon\":\"-791\",\"lat\":\"-1103\"}}},\"NodeLL\":{\"delta\":{\"node-LL1\":{\"lon\":\"-610\",\"lat\":\"-876\"}}},\"NodeLL\":{\"delta\":{\"node-LL1\":{\"lon\":\"-3\",\"lat\":\"2\"}}},\"NodeLL\":{\"delta\":{\"node-LL1\":{\"lon\":\"-1149\",\"lat\":\"-1750\"}}},\"NodeLL\":{\"delta\":{\"node-LL1\":{\"lon\":\"-133\",\"lat\":\"-257\"}}},\"NodeLL\":{\"delta\":{\"node-LL1\":{\"lon\":\"-121\",\"lat\":\"-538\"}}},\"NodeLL\":{\"delta\":{\"node-LL1\":{\"lon\":\"25\",\"lat\":\"-360\"}}},\"NodeLL\":{\"delta\":{\"node-LL1\":{\"lon\":\"241\",\"lat\":\"-469\"}}},\"NodeLL\":{\"delta\":{\"node-LL1\":{\"lon\":\"260\",\"lat\":\"-232\"}}},\"NodeLL\":{\"delta\":{\"node-LL1\":{\"lon\":\"159\",\"lat\":\"-84\"}}}}}}}}},\"GeographicalPath\":{\"name\":\"SouthernPedestrianCrossing\",\"id\":{\"region\":\"0\",\"id\":\"0\"},\"anchor\":{\"lat\":\"389549055\",\"long\":\"-771494061\"},\"laneWidth\":\"600\",\"directionality\":{\"reverse\":\"\"},\"closedPath\":{\"false\":\"\"},\"direction\":\"0000001111000000\",\"description\":{\"path\":{\"scale\":\"0\",\"offset\":{\"ll\":{\"nodes\":{\"NodeLL\":{\"delta\":{\"node-LL1\":{\"lon\":\"602\",\"lat\":\"849\"}}},\"NodeLL\":{\"delta\":{\"node-LL1\":{\"lon\":\"834\",\"lat\":\"1109\"}}},\"NodeLL\":{\"delta\":{\"node-LL1\":{\"lon\":\"353\",\"lat\":\"584\"}}},\"NodeLL\":{\"delta\":{\"node-LL2\":{\"lon\":\"1646\",\"lat\":\"3238\"}}}}}}}}},\"GeographicalPath\":{\"name\":\"EasternPedestrianCrossing\",\"id\":{\"region\":\"0\",\"id\":\"0\"},\"anchor\":{\"lat\":\"389549656\",\"long\":\"-771491766\"},\"laneWidth\":\"600\",\"directionality\":{\"reverse\":\"\"},\"closedPath\":{\"false\":\"\"},\"direction\":\"0011110000000000\",\"description\":{\"path\":{\"scale\":\"0\",\"offset\":{\"ll\":{\"nodes\":{\"NodeLL\":{\"delta\":{\"node-LL1\":{\"lon\":\"-1693\",\"lat\":\"241\"}}},\"NodeLL\":{\"delta\":{\"node-LL2\":{\"lon\":\"-4063\",\"lat\":\"1160\"}}},\"NodeLL\":{\"delta\":{\"node-LL2\":{\"lon\":\"-2311\",\"lat\":\"981\"}}}}}}}}}},\"notUsed2\":\"0\",\"notUsed3\":\"0\",\"content\":{\"advisory\":{\"SEQUENCE\":{\"item\":{\"itis\":\"9486\"}},\"SEQUENCE\":{\"item\":{\"itis\":\"13585\"}}}},\"url\":\"null\"}}}}','{\"TravelerInformation\":{\"msgCnt\":\"1\",\"timeStamp\":\"3960\",\"packetID\":\"8D442EF003FC6B1B01\",\"urlB\":\"null\",\"dataFrames\":{\"TravelerDataFrame\":{\"notUsed\":\"0\",\"frameType\":{\"advisory\":\"\"},\"msgId\":{\"roadSignID\":{\"position\":{\"lat\":\"389550358\",\"long\":\"-771495007\"},\"viewAngle\":\"1111111111111111\",\"mutcdCode\":{\"warning\":\"\"}}},\"startYear\":\"2025\",\"startTime\":\"3960\",\"durationTime\":\"32000\",\"priority\":\"5\",\"notUsed1\":\"0\",\"regions\":{\"GeographicalPath\":{\"name\":\"WesternPedestrianCrossing\",\"id\":{\"region\":\"0\",\"id\":\"0\"},\"anchor\":{\"lat\":\"389550358\",\"long\":\"-771495007\"},\"laneWidth\":\"600\",\"directionality\":{\"reverse\":\"\"},\"closedPath\":{\"false\":\"\"},\"direction\":\"0000000000111100\",\"description\":{\"path\":{\"scale\":\"0\",\"offset\":{\"ll\":{\"nodes\":{\"NodeLL\":{\"delta\":{\"node-LL1\":{\"lon\":\"1556\",\"lat\":\"-454\"}}},\"NodeLL\":{\"delta\":{\"node-LL1\":{\"lon\":\"1676\",\"lat\":\"-254\"}}},\"NodeLL\":{\"delta\":{\"node-LL2\":{\"lon\":\"5293\",\"lat\":\"-531\"}}}}}}}}},\"GeographicalPath\":{\"name\":\"NorthernPedestrianCrossing\",\"id\":{\"region\":\"0\",\"id\":\"0\"},\"anchor\":{\"lat\":\"389551020\",\"long\":\"-771492660\"},\"laneWidth\":\"600\",\"directionality\":{\"reverse\":\"\"},\"closedPath\":{\"false\":\"\"},\"direction\":\"1110000000000011\",\"description\":{\"path\":{\"scale\":\"0\",\"offset\":{\"ll\":{\"nodes\":{\"NodeLL\":{\"delta\":{\"node-LL1\":{\"lon\":\"-791\",\"lat\":\"-1103\"}}},\"NodeLL\":{\"delta\":{\"node-LL1\":{\"lon\":\"-610\",\"lat\":\"-876\"}}},\"NodeLL\":{\"delta\":{\"node-LL1\":{\"lon\":\"-3\",\"lat\":\"2\"}}},\"NodeLL\":{\"delta\":{\"node-LL1\":{\"lon\":\"-1149\",\"lat\":\"-1750\"}}},\"NodeLL\":{\"delta\":{\"node-LL1\":{\"lon\":\"-133\",\"lat\":\"-257\"}}},\"NodeLL\":{\"delta\":{\"node-LL1\":{\"lon\":\"-121\",\"lat\":\"-538\"}}},\"NodeLL\":{\"delta\":{\"node-LL1\":{\"lon\":\"25\",\"lat\":\"-360\"}}},\"NodeLL\":{\"delta\":{\"node-LL1\":{\"lon\":\"241\",\"lat\":\"-469\"}}},\"NodeLL\":{\"delta\":{\"node-LL1\":{\"lon\":\"260\",\"lat\":\"-232\"}}},\"NodeLL\":{\"delta\":{\"node-LL1\":{\"lon\":\"159\",\"lat\":\"-84\"}}}}}}}}},\"GeographicalPath\":{\"name\":\"SouthernPedestrianCrossing\",\"id\":{\"region\":\"0\",\"id\":\"0\"},\"anchor\":{\"lat\":\"389549055\",\"long\":\"-771494061\"},\"laneWidth\":\"600\",\"directionality\":{\"reverse\":\"\"},\"closedPath\":{\"false\":\"\"},\"direction\":\"0000001111000000\",\"description\":{\"path\":{\"scale\":\"0\",\"offset\":{\"ll\":{\"nodes\":{\"NodeLL\":{\"delta\":{\"node-LL1\":{\"lon\":\"602\",\"lat\":\"849\"}}},\"NodeLL\":{\"delta\":{\"node-LL1\":{\"lon\":\"834\",\"lat\":\"1109\"}}},\"NodeLL\":{\"delta\":{\"node-LL1\":{\"lon\":\"353\",\"lat\":\"584\"}}},\"NodeLL\":{\"delta\":{\"node-LL2\":{\"lon\":\"1646\",\"lat\":\"3238\"}}}}}}}}},\"GeographicalPath\":{\"name\":\"EasternPedestrianCrossing\",\"id\":{\"region\":\"0\",\"id\":\"0\"},\"anchor\":{\"lat\":\"389549656\",\"long\":\"-771491766\"},\"laneWidth\":\"600\",\"directionality\":{\"reverse\":\"\"},\"closedPath\":{\"false\":\"\"},\"direction\":\"0011110000000000\",\"description\":{\"path\":{\"scale\":\"0\",\"offset\":{\"ll\":{\"nodes\":{\"NodeLL\":{\"delta\":{\"node-LL1\":{\"lon\":\"-1693\",\"lat\":\"241\"}}},\"NodeLL\":{\"delta\":{\"node-LL2\":{\"lon\":\"-4063\",\"lat\":\"1160\"}}},\"NodeLL\":{\"delta\":{\"node-LL2\":{\"lon\":\"-2311\",\"lat\":\"981\"}}}}}}}}}},\"notUsed2\":\"0\",\"notUsed3\":\"0\",\"content\":{\"advisory\":{\"SEQUENCE\":{\"item\":{\"itis\":\"9486\"}},\"SEQUENCE\":{\"item\":{\"itis\":\"13585\"}}}},\"url\":\"null\"}}}}','Static Tim message to be broadcasted.'),(190,14,'StaticTimFrequency','1','1','Broadcast TIM message at 1HZ by default.'),(191,24,'LogLevel','INFO','INFO','The log level for this plugin'),(192,24,'Interval','1','1','Sending RSU SNMP GET request at every configured interval. Default every 1 second. Unit of measure: second.'),(193,24,'RSUConfigurationList','{ \"RSUS\": [ { \"RSUIp\": \"192.168.55.20\", \"SNMPPort\": \"161\", \"SecurityLevel\":\"authPriv\", \"AuthProtocol\": \"SHA-512\", \"AuthPassPhrase\": \"dummy123\", \"PrivacyProtocol\": \"AES-256\", \"PrivacyPassPhrase\": \"dummy123\", \"User\": \"authOnlyUser\", \"RSUMIBVersion\": \"NTCIP1218\" }] }','{ \"RSUS\": [ { \"RSUIp\": \"192.168.55.20\", \"SNMPPort\": \"161\", \"SecurityLevel\":\"authPriv\", \"AuthProtocol\": \"SHA-512\", \"AuthPassPhrase\": \"dummy123\", \"PrivacyProtocol\": \"AES-256\", \"PrivacyPassPhrase\": \"dummy123\", \"User\": \"authOnlyUser\", \"RSUMIBVersion\": \"NTCIP1218\" }] }','Configurations of the RSUs the V2X hub is connected to.'),(194,18,'TSC_SNMP_Port','5050','5050','The destination port on the Traffic Signal Controller (TSC) for SNMP NTCIP 1202 communication.'),(195,18,'TSC_SNMP_Community','administrator','public','The SNMP Community used for sending SNMP NTCIP 1202 communication to Traffic Signal Controller (TSC). Please refer TSC vendor documentation for SNMP Community.'),(196,18,'SPAT_Mode','J2735_HEX','BINARY','The format of received SPAT from Traffic Signal Controller (TSC). Acceptance values are BINARY and J2735_HEX.'),(197,25,'LogLevel','INFO','INFO','The log level for this plugin'),(198,25,'NATSUrl','nats://127.0.0.1:4222','nats://127.0.0.1:4222','The NATS connection URL'),(199,25,'MessageExclusionList','System_KeepAlive_CommandPlugin,System_KeepAlive_CARMAStreetsPlugin,System_KeepAlive_CDASimAdapter,System_KeepAlive_MessageReceiver','System_KeepAlive_CommandPlugin,System_KeepAlive_CARMAStreetsPlugin,System_KeepAlive_CDASimAdapter,System_KeepAlive_MessageReceiver','The list of messages are excluded from the available message list. Message name is a combination of message type, subtype and source separated by underscore. E.G: type_subtype_source');
/*!40000 ALTER TABLE `pluginConfigurationParameter` ENABLE KEYS */;
UNLOCK TABLES;

--
-- Table structure for table `pluginMessageMap`
--

DROP TABLE IF EXISTS `pluginMessageMap`;
/*!40101 SET @saved_cs_client     = @@character_set_client */;
/*!50503 SET character_set_client = utf8mb4 */;
CREATE TABLE `pluginMessageMap` (
  `id` int(10) unsigned NOT NULL AUTO_INCREMENT COMMENT 'Primary key',
  `pluginId` int(10) unsigned NOT NULL COMMENT 'Foreign key into the plugin table',
  `messageTypeId` int(10) unsigned NOT NULL COMMENT 'Foreign key into the messageType table.',
  PRIMARY KEY (`id`),
  UNIQUE KEY `pluginId` (`pluginId`,`messageTypeId`),
  KEY `pluginId_2` (`pluginId`),
  KEY `messageTypeId` (`messageTypeId`),
  CONSTRAINT `pluginMessageMap_ibfk_1` FOREIGN KEY (`pluginId`) REFERENCES `plugin` (`id`) ON DELETE CASCADE ON UPDATE CASCADE,
  CONSTRAINT `pluginMessageMap_ibfk_2` FOREIGN KEY (`messageTypeId`) REFERENCES `messageType` (`id`) ON DELETE CASCADE ON UPDATE CASCADE
) ENGINE=InnoDB AUTO_INCREMENT=6043 DEFAULT CHARSET=latin1 COMMENT='This table identifies the types of messages generated by each plugin.';
/*!40101 SET character_set_client = @saved_cs_client */;

--
-- Dumping data for table `pluginMessageMap`
--

LOCK TABLES `pluginMessageMap` WRITE;
/*!40000 ALTER TABLE `pluginMessageMap` DISABLE KEYS */;
INSERT INTO `pluginMessageMap` VALUES (2522,2,1),(2524,2,12),(2576,2,15),(2523,2,45),(2520,2,79),(2521,2,80),(2525,2,84),(2583,2,105),(2584,2,106),(1,3,15),(298,3,30),(2,4,15),(377,8,15),(428,10,15),(407,10,30),(406,10,45),(1344,12,1),(233,12,15),(1800,12,62),(2954,12,80),(3228,18,15),(3172,18,84);
/*!40000 ALTER TABLE `pluginMessageMap` ENABLE KEYS */;
UNLOCK TABLES;

--
-- Table structure for table `pluginStatus`
--

DROP TABLE IF EXISTS `pluginStatus`;
/*!40101 SET @saved_cs_client     = @@character_set_client */;
/*!50503 SET character_set_client = utf8mb4 */;
CREATE TABLE `pluginStatus` (
  `id` int(10) unsigned NOT NULL AUTO_INCREMENT,
  `pluginId` int(10) unsigned NOT NULL,
  `key` varchar(100) NOT NULL,
  `value` text NOT NULL,
  PRIMARY KEY (`id`),
  UNIQUE KEY `UQ_pluginId_key` (`pluginId`,`key`),
  KEY `pluginId` (`pluginId`),
  CONSTRAINT `pluginStatus_ibfk_2` FOREIGN KEY (`pluginId`) REFERENCES `plugin` (`id`) ON DELETE CASCADE ON UPDATE CASCADE
) ENGINE=InnoDB AUTO_INCREMENT=14503 DEFAULT CHARSET=latin1;
/*!40101 SET character_set_client = @saved_cs_client */;

--
-- Dumping data for table `pluginStatus`
--

LOCK TABLES `pluginStatus` WRITE;
/*!40000 ALTER TABLE `pluginStatus` DISABLE KEYS */;
INSERT INTO `pluginStatus` VALUES (1,20,'','Running'),(2,20,'Number of Active Plugins','7'),(4,21,'','Running'),(5,22,'','Running'),(7,3,'','Running'),(8,4,'','Running'),(13,4,'Start Time','2025-03-06 18:12:09.431'),(72,12,'','Running'),(103,8,'','Running'),(116,10,'','Running'),(119,10,'Start Time','2025-03-06 18:12:09.904'),(120,10,'Simulation Mode ','ON'),(128,10,'Simulation Time Step ','1970-01-01 00:00:22.000'),(6048,3,'Start Time','2025-03-06 18:12:09.230'),(9491,8,'Messages Skipped (No DSRC metadata)','0'),(9492,8,'Messages Skipped (No route)','0'),(9493,8,'Messages Skipped (Invalid UDP Client)','0'),(9494,8,'Message Skipped (Signature Error Response)','0'),(9495,8,'MuteDsrc','false'),(9496,8,'Start Time','2025-03-06 18:12:09.674'),(9513,8,'MAP-P','204'),(10193,12,'Start Time','2025-03-06 18:12:10.072'),(10194,12,'Message Skipped (Signature Verification Error Response)','0'),(10199,12,'Total KBytes Received','24.16'),(10200,12,'Avg BSM Message Interval (ms)','293.22'),(10202,12,'Total BSM Messages Received','360'),(10239,12,'Avg TMSG04-P Message Interval (ms)','8796.67'),(10240,12,'Total TMSG04-P Messages Received','12'),(10900,2,'','Running'),(10903,2,'Start Time','2025-03-06 18:12:08.980'),(11124,12,'Avg TMSG02-P Message Interval (ms)','2932.22'),(11125,12,'Total TMSG02-P Messages Received','36'),(11172,18,'','Running'),(13753,18,'Start Time','2025-03-06 18:21:10.918'),(13754,18,'Simulation Mode ','ON'),(13755,18,'Connection Status','DISCONNECTED'),(13756,18,'Simulation Time Step ','1970-01-01 00:07:27.000');
/*!40000 ALTER TABLE `pluginStatus` ENABLE KEYS */;
UNLOCK TABLES;

--
-- Table structure for table `systemConfigurationParameter`
--

DROP TABLE IF EXISTS `systemConfigurationParameter`;
/*!40101 SET @saved_cs_client     = @@character_set_client */;
/*!50503 SET character_set_client = utf8mb4 */;
CREATE TABLE `systemConfigurationParameter` (
  `id` int(10) unsigned NOT NULL AUTO_INCREMENT COMMENT 'Primary key',
  `key` varchar(255) NOT NULL COMMENT 'The name of a configuration parameter.',
  `value` text NOT NULL COMMENT 'The value of a configuration parameter',
  `defaultValue` text NOT NULL,
  PRIMARY KEY (`id`),
  UNIQUE KEY `key` (`key`)
) ENGINE=InnoDB AUTO_INCREMENT=3 DEFAULT CHARSET=latin1 COMMENT='This table lists the IVP system configuration parameters used by both core components and plugins to control the behavior of the system.';
/*!40101 SET character_set_client = @saved_cs_client */;

--
-- Dumping data for table `systemConfigurationParameter`
--

LOCK TABLES `systemConfigurationParameter` WRITE;
/*!40000 ALTER TABLE `systemConfigurationParameter` DISABLE KEYS */;
INSERT INTO `systemConfigurationParameter` VALUES (1,'LOG_FILE_NAME','ivpcore.log','ivpcore.log');
/*!40000 ALTER TABLE `systemConfigurationParameter` ENABLE KEYS */;
UNLOCK TABLES;

--
-- Table structure for table `user`
--

DROP TABLE IF EXISTS `user`;
/*!40101 SET @saved_cs_client     = @@character_set_client */;
/*!50503 SET character_set_client = utf8mb4 */;
CREATE TABLE `user` (
  `id` int(10) unsigned NOT NULL AUTO_INCREMENT COMMENT 'Primary key',
  `username` varchar(50) NOT NULL COMMENT 'The account name for the user, typically an email address',
  `password` varchar(64) NOT NULL COMMENT 'An encrypted password',
  `accessLevel` int(11) NOT NULL DEFAULT '1' COMMENT 'The access level permitted for this user, one of: \n  	1. read-only access to portal 	2. application administrator access 	3. system administrator, all access',
  PRIMARY KEY (`id`),
  UNIQUE KEY `UQ_user_id` (`id`),
  UNIQUE KEY `UQ_user_username` (`username`)
) ENGINE=InnoDB AUTO_INCREMENT=3 DEFAULT CHARSET=latin1 COMMENT='The list of accounts that can access the IVP platform via the administrative portal is held in the users table.';
/*!40101 SET character_set_client = @saved_cs_client */;

--
-- Dumping data for table `user`
--

LOCK TABLES `user` WRITE;
/*!40000 ALTER TABLE `user` DISABLE KEYS */;
INSERT INTO `user` VALUES (1,'v2xuser','c566c1fa580531b161be0ffccb8f9986ab94e91d2a788e263d991c7b5f775a42',3),(2,'user','04f8996da763b7a969b1028ee3007569eaf3a635486ddab211d512c85b9df8fb',3);
/*!40000 ALTER TABLE `user` ENABLE KEYS */;
UNLOCK TABLES;
/*!40103 SET TIME_ZONE=@OLD_TIME_ZONE */;

/*!40101 SET SQL_MODE=@OLD_SQL_MODE */;
/*!40014 SET FOREIGN_KEY_CHECKS=@OLD_FOREIGN_KEY_CHECKS */;
/*!40014 SET UNIQUE_CHECKS=@OLD_UNIQUE_CHECKS */;
/*!40101 SET CHARACTER_SET_CLIENT=@OLD_CHARACTER_SET_CLIENT */;
/*!40101 SET CHARACTER_SET_RESULTS=@OLD_CHARACTER_SET_RESULTS */;
/*!40101 SET COLLATION_CONNECTION=@OLD_COLLATION_CONNECTION */;
/*!40111 SET SQL_NOTES=@OLD_SQL_NOTES */;

-- Dump completed on 2025-03-06 13:23:20
